City_ID,City,Country,Date,Lat,Lng,Max Temp,Humidity,Cloudiness,Wind Speed
0,Sabha,LY,2022-11-28 18:24:08,27.0377,14.4283,62.37,52,26,8.23
1,Guerrero Negro,MX,2022-11-28 18:24:09,27.9769,-114.0611,67.41,58,25,9.22
2,Ponta Do Sol,PT,2022-11-28 18:24:09,32.6667,-17.1,70.72,78,35,9.08
3,Mataura,NZ,2022-11-28 18:24:10,-46.1927,168.8643,50.79,81,99,1.52
4,Ancud,CL,2022-11-28 18:24:10,-41.8697,-73.8203,61.5,72,37,12.73
5,Port Alfred,ZA,2022-11-28 18:24:10,-33.5906,26.891,68.18,79,69,10.0
6,Hermanus,ZA,2022-11-28 18:24:11,-34.4187,19.2345,72.81,66,77,10.69
7,Port Elizabeth,ZA,2022-11-28 18:24:11,-33.918,25.5701,70.11,81,20,23.02
8,Toora-Khem,RU,2022-11-28 18:24:11,52.4675,96.11,-8.95,98,100,0.72
9,Juneau,US,2022-11-28 18:22:05,58.3019,-134.4197,20.1,100,60,6.6
10,Viedma,AR,2022-11-28 18:24:12,-40.8135,-62.9967,95.54,23,56,17.34
11,Atuona,PF,2022-11-28 18:24:13,-9.8,-139.0333,77.74,73,17,14.54
12,Bredasdorp,ZA,2022-11-28 18:24:13,-34.5322,20.0403,67.6,79,57,13.62
13,Ushuaia,AR,2022-11-28 18:19:49,-54.8,-68.3,67.66,32,75,8.05
14,Punta Arenas,CL,2022-11-28 18:24:05,-53.15,-70.9167,57.22,67,100,25.32
15,Pochutla,MX,2022-11-28 18:24:13,15.7432,-96.4661,87.62,56,16,6.53
16,Pueblo,US,2022-11-28 18:22:02,38.2545,-104.6091,61.56,24,0,5.75
17,Bonthe,SL,2022-11-28 18:24:14,7.5264,-12.505,80.76,72,99,8.39
18,Caravelas,BR,2022-11-28 18:24:14,-17.7125,-39.2481,77.52,85,99,10.6
19,Holme,DK,2022-11-28 18:24:15,56.1138,10.1725,44.17,85,100,19.24
20,Altus,US,2022-11-28 18:24:15,34.6381,-99.334,62.11,62,0,16.11
21,San Cristobal,VE,2022-11-28 18:24:16,7.7669,-72.225,77.18,81,97,1.99
22,Pokosnoye,RU,2022-11-28 18:24:16,55.5258,101.0536,-3.17,88,100,15.37
23,Kaeo,NZ,2022-11-28 18:24:16,-35.1,173.7833,52.32,94,89,0.89
24,Marsaxlokk,MT,2022-11-28 18:24:17,35.8419,14.5431,59.07,72,20,2.3
25,Albany,US,2022-11-28 18:23:55,42.6001,-73.9662,46.17,73,100,4.0
26,Yulara,AU,2022-11-28 18:24:17,-25.2406,130.9889,69.84,33,17,13.82
27,Butaritari,KI,2022-11-28 18:24:17,3.0707,172.7902,80.58,77,23,8.97
28,Sarkand,KZ,2022-11-28 18:24:18,45.41,79.9186,6.69,61,2,7.05
29,Vaini,TO,2022-11-28 18:24:18,-21.2,-175.2,78.78,80,100,13.58
30,Le Mars,US,2022-11-28 18:24:19,42.7942,-96.1656,45.91,56,0,14.97
31,Paraiso,CR,2022-11-28 18:24:19,9.8383,-83.8656,72.46,84,62,4.25
32,Padang,ID,2022-11-28 18:24:19,-0.9492,100.3543,75.25,88,95,3.56
33,Hithadhoo,MV,2022-11-28 18:24:20,-0.6,73.0833,81.21,74,69,5.53
34,Hobart,AU,2022-11-28 18:23:52,-42.8794,147.3294,45.27,79,41,6.91
35,Nemuro,JP,2022-11-28 18:24:20,43.3236,145.575,45.7,74,100,13.6
36,Khorixas,NA,2022-11-28 18:24:21,-20.3667,14.9667,70.0,25,0,16.96
37,Cape Town,ZA,2022-11-28 18:20:51,-33.9258,18.4232,79.12,66,0,5.75
38,Talara,PE,2022-11-28 18:24:21,-4.5772,-81.2719,81.36,54,0,16.11
39,Bethel,US,2022-11-28 18:19:32,41.3712,-73.414,52.02,62,75,10.36
40,Mangrol,IN,2022-11-28 18:24:21,21.1167,70.1167,73.94,52,0,5.03
41,Morgan City,US,2022-11-28 18:24:22,29.6994,-91.2068,77.0,60,6,3.44
42,Tuatapere,NZ,2022-11-28 18:24:22,-46.1333,167.6833,51.33,80,99,2.64
43,Chuy,UY,2022-11-28 18:24:22,-33.6971,-53.4616,76.77,59,24,14.0
44,Tambacounda,SN,2022-11-28 18:24:23,13.7539,-13.7586,87.85,37,0,4.61
45,Chiredzi,ZW,2022-11-28 18:25:23,-21.05,31.6667,66.65,93,100,5.82
46,Bluff,NZ,2022-11-28 18:25:23,-46.6,168.3333,53.56,88,100,2.98
47,Mandalgovi,MN,2022-11-28 18:25:24,45.7625,106.2708,-12.93,66,10,15.59
48,Chyhyryn,UA,2022-11-28 18:25:24,49.0838,32.6555,38.95,88,100,11.65
49,Mount Isa,AU,2022-11-28 18:25:25,-20.7333,139.5,74.97,64,100,5.75
50,Palmer,US,2022-11-28 18:25:25,42.1584,-72.3287,49.64,59,75,8.05
51,Pisco,PE,2022-11-28 18:25:13,-13.7,-76.2167,71.65,73,100,11.5
52,Trincomalee,LK,2022-11-28 18:25:25,8.5711,81.2335,79.97,76,99,9.4
53,Mahebourg,MU,2022-11-28 18:25:26,-20.4081,57.7,75.49,78,75,3.44
54,Mar Del Plata,AR,2022-11-28 18:25:26,-38.0023,-57.5575,83.82,86,75,14.97
55,Cidreira,BR,2022-11-28 18:25:27,-30.1811,-50.2056,72.5,78,17,16.73
56,Zyryanka,RU,2022-11-28 18:25:27,65.75,150.85,-18.83,97,100,15.21
57,Griffith,US,2022-11-28 18:25:28,41.5284,-87.4237,46.11,64,100,11.5
58,Kamaishi,JP,2022-11-28 18:25:28,39.2667,141.8833,56.07,91,99,12.75
59,Jamestown,US,2022-11-28 18:23:13,42.097,-79.2353,37.04,95,100,6.91
60,Carman,CA,2022-11-28 18:20:59,49.4992,-98.0016,32.34,69,100,16.11
61,Honningsvag,NO,2022-11-28 18:25:29,70.9821,25.9704,35.35,75,75,11.5
62,Tiksi,RU,2022-11-28 18:25:29,71.6872,128.8694,-28.07,99,51,6.78
63,Lodja,CD,2022-11-28 18:25:29,-3.4833,23.4333,70.03,98,91,1.01
64,Lamar,US,2022-11-28 18:25:30,33.6668,-95.5836,62.37,59,0,6.91
65,Ribeira Grande,PT,2022-11-28 18:25:31,38.5167,-28.7,68.4,88,75,24.16
66,Karratha,AU,2022-11-28 18:25:32,-20.7377,116.8463,78.76,70,2,18.41
67,Agadir,MA,2022-11-28 18:25:32,30.4202,-9.5982,66.65,63,0,4.36
68,Rikitea,PF,2022-11-28 18:25:32,-23.1203,-134.9692,73.89,79,19,7.05
69,Yellowknife,CA,2022-11-28 18:24:00,62.456,-114.3525,-10.44,77,75,9.22
70,Dauriya,RU,2022-11-28 18:25:33,49.9333,116.8667,-7.13,87,100,18.99
71,Lufilufi,WS,2022-11-28 18:25:33,-13.8745,-171.5986,73.18,72,16,14.45
72,New Norfolk,AU,2022-11-28 18:25:34,-42.7826,147.0587,44.92,69,41,1.99
73,Kapaa,US,2022-11-28 18:25:34,22.0752,-159.319,73.38,98,75,5.75
74,Severo-Kurilsk,RU,2022-11-28 18:25:34,50.6789,156.125,30.65,70,88,27.92
75,Lebu,CL,2022-11-28 18:25:35,-37.6167,-73.65,63.75,70,17,13.18
76,Roma,US,2022-11-28 18:21:22,43.2128,-75.4557,39.51,83,100,12.66
77,Aguimes,ES,2022-11-28 18:25:35,27.9054,-15.4461,68.67,73,20,19.57
78,Busselton,AU,2022-11-28 18:25:36,-33.65,115.3333,59.09,70,0,12.84
79,College,US,2022-11-28 18:25:36,64.8569,-147.8028,-2.25,71,20,4.61
80,Provideniya,RU,2022-11-28 18:25:37,64.3833,-173.3,17.55,90,100,11.27
81,La Ronge,CA,2022-11-28 18:25:37,55.1001,-105.2842,17.85,79,100,14.97
82,Saskylakh,RU,2022-11-28 18:25:37,71.9167,114.0833,-16.85,95,100,4.47
83,Nikolskoye,RU,2022-11-28 18:25:38,59.7035,30.7861,26.8,96,80,5.28
84,Ilulissat,GL,2022-11-28 18:25:39,69.2167,-51.1,19.42,53,40,2.3
85,Kavieng,PG,2022-11-28 18:25:39,-2.5744,150.7967,82.2,65,25,4.18
86,Arraial Do Cabo,BR,2022-11-28 18:25:39,-22.9661,-42.0278,75.16,94,75,18.41
87,Sechura,PE,2022-11-28 18:25:40,-5.5569,-80.8222,78.12,58,73,13.73
88,Kyaikto,MM,2022-11-28 18:25:40,17.3,97.0167,77.27,84,5,2.28
89,East London,ZA,2022-11-28 18:25:40,-33.0153,27.9116,68.94,73,20,14.97
90,Iqaluit,CA,2022-11-28 18:25:41,63.7506,-68.5145,-2.47,83,100,42.57
91,Kwinana,AU,2022-11-28 18:26:41,-32.25,115.7667,71.19,44,0,15.05
92,Sale,MA,2022-11-28 18:21:52,34.0389,-6.8166,61.75,67,40,9.22
93,Port Hardy,CA,2022-11-28 18:25:07,50.6996,-127.4199,33.98,93,40,5.75
94,Port Hedland,AU,2022-11-28 18:26:42,-20.3167,118.5667,77.05,94,1,5.75
95,Hamilton,US,2022-11-28 18:26:42,39.1834,-84.5333,46.89,86,100,6.91
96,Les Cayes,HT,2022-11-28 18:26:43,18.2,-73.75,83.95,65,48,6.4
97,Magadan,RU,2022-11-28 18:24:59,59.5667,150.8,12.78,78,100,15.55
98,Salvador,SV,2022-11-28 18:26:43,13.8333,-88.9167,81.05,68,100,1.39
99,Castro,BR,2022-11-28 18:26:43,-24.7911,-50.0119,63.81,87,98,10.87
100,Gannan,CN,2022-11-28 18:26:44,47.9147,123.5031,7.86,94,100,9.84
101,Tasiilaq,GL,2022-11-28 18:26:44,65.6145,-37.6368,23.16,59,19,6.51
102,Hanchuan,CN,2022-11-28 18:26:45,30.65,113.7667,50.11,65,100,16.55
103,Champerico,GT,2022-11-28 18:26:45,14.3,-91.9167,82.96,73,97,2.33
104,Pangody,RU,2022-11-28 18:26:45,65.85,74.4859,2.25,95,100,7.27
105,Chokurdakh,RU,2022-11-28 18:26:46,70.6333,147.9167,-34.96,100,100,2.1
106,Leningradskiy,RU,2022-11-28 18:26:47,69.3833,178.4167,-4.68,88,72,3.58
107,Kaitangata,NZ,2022-11-28 18:26:47,-46.2817,169.8464,51.76,87,96,1.07
108,Zacatecoluca,SV,2022-11-28 18:26:48,13.5,-88.8667,86.23,68,100,2.04
109,Fortuna,US,2022-11-28 18:26:48,40.5982,-124.1573,50.34,96,100,0.0
110,Nauta,PE,2022-11-28 18:26:49,-4.5061,-73.5757,85.77,62,100,1.3
111,Urengoy,RU,2022-11-28 18:26:49,65.9667,78.3667,-2.74,94,92,7.27
112,Georgetown,MY,2022-11-28 18:26:49,5.4112,100.3354,81.23,87,20,0.0
113,Ugoofaaru,MV,2022-11-28 18:26:50,5.6667,73.0,80.94,71,55,1.61
114,Myitkyina,MM,2022-11-28 18:26:50,25.3833,97.4,61.47,73,0,2.53
115,Faanui,PF,2022-11-28 18:26:50,-16.4833,-151.75,78.76,73,44,12.35
116,Wilmington,US,2022-11-28 18:24:55,34.2257,-77.9447,70.95,54,0,16.11
117,Thompson,CA,2022-11-28 18:26:37,55.7435,-97.8558,19.56,86,100,13.8
118,Qaanaaq,GL,2022-11-28 18:26:51,77.484,-69.3632,-8.82,87,88,5.39
119,Vila Franca Do Campo,PT,2022-11-28 18:26:51,37.7167,-25.4333,70.2,90,100,18.75
120,Acapulco,MX,2022-11-28 18:25:50,16.8634,-99.8901,84.02,70,0,9.22
121,Chapais,CA,2022-11-28 18:26:51,49.7834,-74.8492,19.18,84,92,9.55
122,Keningau,MY,2022-11-28 18:26:52,5.3378,116.1602,71.08,99,19,1.57
123,Voznesenye,RU,2022-11-28 18:26:52,61.0106,35.4781,21.81,84,100,7.92
124,Algiers,DZ,2022-11-28 18:24:34,36.7525,3.042,60.62,51,40,23.02
125,Angoche,MZ,2022-11-28 18:26:52,-16.2325,39.9086,79.95,80,67,16.96
126,Diffa,NE,2022-11-28 18:26:53,13.3154,12.6113,74.46,18,19,8.41
127,Upernavik,GL,2022-11-28 18:26:53,72.7868,-56.1549,10.78,95,92,13.98
128,Puerto Del Rosario,ES,2022-11-28 18:24:06,28.5004,-13.8627,69.55,78,40,17.27
129,Torbay,CA,2022-11-28 18:26:54,47.6666,-52.7314,38.75,95,100,18.41
130,La Cruz,MX,2022-11-28 18:26:54,23.9167,-106.9,79.77,24,0,4.74
131,Los Llanos De Aridane,ES,2022-11-28 18:26:54,28.6585,-17.9182,70.12,77,75,11.5
132,Athabasca,CA,2022-11-28 18:26:55,54.7169,-113.2854,10.81,75,100,16.15
133,Tuktoyaktuk,CA,2022-11-28 18:26:55,69.4541,-133.0374,-18.4,76,40,9.22
134,Huarmey,PE,2022-11-28 18:26:55,-10.0681,-78.1522,72.18,72,64,9.93
135,Vardo,NO,2022-11-28 18:27:56,70.3705,31.1107,31.98,93,75,11.5
136,Auki,SB,2022-11-28 18:27:56,-8.7676,160.7034,76.75,89,80,4.7
137,Bembereke,BJ,2022-11-28 18:27:56,10.2283,2.6634,78.28,24,61,2.04
138,Kargil,IN,2022-11-28 18:27:57,34.5667,76.1,22.17,39,0,3.22
139,Dikson,RU,2022-11-28 18:27:57,73.5069,80.5464,-0.72,99,73,3.04
140,Gat,IL,2022-11-28 18:27:00,31.61,34.7642,67.41,56,100,0.96
141,Narsaq,GL,2022-11-28 18:27:58,60.9167,-46.05,39.42,81,100,5.91
142,Takoradi,GH,2022-11-28 18:27:59,4.8845,-1.7554,80.38,79,56,9.6
143,Pasighat,IN,2022-11-28 18:27:59,28.0667,95.3333,61.86,44,0,4.09
144,Walvis Bay,NA,2022-11-28 18:27:59,-22.9575,14.5053,65.35,68,0,10.36
145,Bambous Virieux,MU,2022-11-28 18:28:00,-20.3428,57.7575,75.45,78,75,3.44
146,Longyearbyen,SJ,2022-11-28 18:23:45,78.2186,15.6401,37.24,81,75,1.14
147,Bulawayo,ZW,2022-11-28 18:28:00,-20.15,28.5833,61.18,89,88,12.35
148,Ust-Maya,RU,2022-11-28 18:28:01,60.4167,134.5333,-45.29,100,100,0.56
149,Kodiak,US,2022-11-28 18:28:01,57.79,-152.4072,26.11,93,100,4.61
150,Meulaboh,ID,2022-11-28 18:28:01,4.1363,96.1285,78.08,85,98,2.01
151,Flinders,AU,2022-11-28 18:28:02,-34.5833,150.8552,57.18,86,0,3.0
152,Pucara,PE,2022-11-28 18:28:02,-15.9803,-71.4606,46.53,45,57,15.43
153,Coahuayana,MX,2022-11-28 18:28:03,18.7333,-103.6833,86.76,53,61,4.9
154,Tual,ID,2022-11-28 18:28:03,-5.6667,132.75,84.29,74,100,14.88
155,Fukue,JP,2022-11-28 18:28:03,32.6881,128.8419,69.91,94,100,23.2
156,Kurud,IN,2022-11-28 18:28:04,20.8322,81.7214,66.18,56,4,3.56
157,Turgoyak,RU,2022-11-28 18:28:04,55.15,60.1183,0.73,94,27,3.6
158,Souillac,MU,2022-11-28 18:28:05,-20.5167,57.5167,75.58,78,75,3.44
159,Saldanha,ZA,2022-11-28 18:28:05,-33.0117,17.9442,80.65,63,90,9.42
160,Kvarkeno,RU,2022-11-28 18:28:06,52.0833,59.725,9.23,84,100,10.27
161,Dwarka,IN,2022-11-28 18:28:06,22.2394,68.9678,76.42,59,1,9.24
162,Sao Joao Da Barra,BR,2022-11-28 18:28:07,-21.6403,-41.0511,80.69,92,99,19.15
163,Hasaki,JP,2022-11-28 18:28:07,35.7333,140.8333,48.6,63,96,24.65
164,Porto Novo,BJ,2022-11-28 18:26:58,6.4965,2.6036,80.46,74,34,7.58
165,Karabash,RU,2022-11-28 18:28:08,55.4808,60.2157,3.85,92,17,3.09
166,Avarua,CK,2022-11-28 18:28:08,-21.2078,-159.775,77.05,78,40,12.66
167,Pevek,RU,2022-11-28 18:28:08,69.7008,170.3133,-1.07,92,95,5.59
168,Neuquen,AR,2022-11-28 18:25:05,-38.9516,-68.0591,91.29,33,20,5.75
169,Bella Union,UY,2022-11-28 18:28:09,-30.2752,-57.6007,96.66,24,0,13.33
170,Barkly West,ZA,2022-11-28 18:28:09,-28.5354,24.5215,76.28,45,75,12.35
171,Tala,EG,2022-11-28 18:26:29,30.6803,30.9429,61.12,54,100,4.07
172,Pervomayskiy,RU,2022-11-28 18:28:10,53.2485,40.2871,28.24,62,94,9.69
173,Saint-Philippe,RE,2022-11-28 18:28:10,-21.3585,55.7679,76.59,77,80,6.2
174,Batagay-Alyta,RU,2022-11-28 18:28:10,67.8006,130.4114,-32.6,92,20,3.53
175,Port Lincoln,AU,2022-11-28 18:28:11,-34.7333,135.8667,56.89,73,56,7.85
176,Yangambi,CD,2022-11-28 18:28:12,0.8102,24.4336,70.92,91,69,1.68
177,Ustka,PL,2022-11-28 18:28:13,54.5805,16.8619,32.65,88,10,14.97
178,Hovd,MN,2022-11-28 18:28:13,48.0056,91.6419,-6.05,58,0,2.98
179,Avera,US,2022-11-28 18:29:14,33.194,-82.5271,67.51,51,0,14.34
180,Fort Nelson,CA,2022-11-28 18:29:14,58.8053,-122.7002,0.99,82,100,5.75
181,Nizwa,OM,2022-11-28 18:29:15,22.9333,57.5333,73.36,33,10,2.28
182,Ewa Beach,US,2022-11-28 18:29:15,21.3156,-158.0072,75.15,79,100,6.91
183,Otradnoye,RU,2022-11-28 18:28:09,59.7775,30.8181,26.96,96,78,5.03
184,Ponta Delgada,PT,2022-11-28 18:29:16,37.7333,-25.6667,70.5,94,40,13.8
185,Victoria Point,AU,2022-11-28 18:29:16,-27.5833,153.3,71.91,93,96,3.91
186,Puerto Ayora,EC,2022-11-28 18:29:17,-0.7393,-90.3518,78.76,81,86,3.0
187,Warrnambool,AU,2022-11-28 18:29:17,-38.3833,142.4833,53.65,85,95,12.01
188,Preobrazheniye,RU,2022-11-28 18:29:17,42.9019,133.9064,38.98,89,100,12.84
189,Geraldton,AU,2022-11-28 18:29:18,-28.7667,114.6,73.76,52,0,11.68
190,Los Banos,PH,2022-11-28 18:29:19,14.1667,121.1833,79.29,89,19,7.31
191,Ndago,TZ,2022-11-28 18:29:19,-4.6,34.35,72.77,53,93,3.65
192,Bengkulu,ID,2022-11-28 18:29:21,-3.8004,102.2655,76.6,88,100,4.23
193,Hilo,US,2022-11-28 18:25:29,19.7297,-155.09,76.12,89,75,4.0
194,Canelli,IT,2022-11-28 18:29:21,44.7215,8.2924,47.48,91,100,1.52
195,Mukhen,RU,2022-11-28 18:29:21,48.1,136.1,17.38,82,100,2.8
196,Manoharpur,IN,2022-11-28 18:29:22,27.3,75.95,62.38,32,1,3.13
197,Richards Bay,ZA,2022-11-28 18:29:22,-28.783,32.0377,66.7,75,32,3.58
198,Port-Gentil,GA,2022-11-28 18:29:23,-0.7193,8.7815,80.24,77,83,7.36
199,Airai,TL,2022-11-28 18:29:23,-8.9266,125.4092,60.91,90,100,1.83
200,Pavlohrad,UA,2022-11-28 18:29:24,48.5167,35.8667,37.63,61,100,13.2
201,Posse,BR,2022-11-28 18:29:24,-14.0931,-46.3694,78.01,69,100,5.3
202,Vila,PT,2022-11-28 18:29:24,42.0304,-8.1588,41.88,90,90,2.39
203,Cabra,ES,2022-11-28 18:29:25,37.4725,-4.4421,50.77,56,29,0.45
204,Manica,FR,2022-11-28 18:29:26,49.0,-1.1667,44.02,91,98,5.01
205,Luderitz,NA,2022-11-28 18:29:26,-26.6481,15.1594,61.29,86,46,6.53
206,Palasa,IN,2022-11-28 18:29:26,18.7667,84.4167,67.69,65,14,4.41
207,Jumla,NP,2022-11-28 18:29:27,29.2747,82.1838,43.23,55,0,4.99
208,Hobyo,SO,2022-11-28 18:29:27,5.3505,48.5268,80.62,73,47,14.97
209,Oum Hadjer,TD,2022-11-28 18:29:27,13.2954,19.6966,81.07,16,39,9.51
210,Santa Rosa,PH,2022-11-28 18:29:00,14.3122,121.1114,80.58,90,11,8.59
211,Laguna,US,2022-11-28 18:29:28,38.421,-121.4238,57.02,71,0,8.05
212,Norman Wells,CA,2022-11-28 18:29:28,65.282,-126.8329,-16.56,76,75,5.75
213,Clyde River,CA,2022-11-28 18:29:29,70.4692,-68.5914,-9.17,77,0,17.27
214,Jaguaribe,BR,2022-11-28 18:29:29,-5.8906,-38.6219,92.32,36,74,8.12
215,Abu Kamal,SY,2022-11-28 18:29:30,34.4506,40.9171,61.47,44,27,7.81
216,Tianjin,CN,2022-11-28 18:29:30,39.1422,117.1767,28.35,31,0,24.61
217,San Luis,AR,2022-11-28 18:29:30,-33.295,-66.3356,97.23,15,65,5.82
218,Waipawa,NZ,2022-11-28 18:29:31,-41.4122,175.5153,52.52,78,52,14.36
219,Olafsvik,IS,2022-11-28 18:29:31,64.8945,-23.7142,41.36,71,96,16.64
220,Nara,JP,2022-11-28 18:29:32,34.6851,135.8049,58.5,79,92,2.71
221,Klaksvik,FO,2022-11-28 18:29:32,62.2266,-6.589,47.32,90,1,14.41
222,Road Town,VG,2022-11-28 18:29:32,18.4167,-64.6167,86.09,83,40,6.91
223,Eureka,US,2022-11-28 18:29:33,40.8021,-124.1637,50.61,94,99,1.01
224,San Rafael,AR,2022-11-28 18:29:08,-34.6177,-68.3301,93.79,27,20,4.61
225,Genas,FR,2022-11-28 18:29:33,45.7322,4.9994,46.49,90,100,3.44
226,Kemijarvi,FI,2022-11-28 18:29:33,66.7131,27.4306,25.77,95,100,5.48
227,Pitimbu,BR,2022-11-28 18:30:34,-7.4706,-34.8086,82.99,67,33,12.08
228,Nouakchott,MR,2022-11-28 18:30:34,18.0858,-15.9785,87.73,30,0,10.13
229,Oleksandrivka,UA,2022-11-28 18:30:35,48.9634,32.2349,37.76,93,100,9.75
230,San Patricio,US,2022-11-28 18:30:36,28.017,-97.5169,71.46,62,0,5.46
231,Sydney,AU,2022-11-28 18:27:14,-33.8679,151.2073,60.37,90,0,8.05
232,Dhidhdhoo,MV,2022-11-28 18:30:36,6.8833,73.1,80.69,71,100,2.55
233,Imperial,US,2022-11-28 18:30:37,33.0334,-115.4175,66.58,20,21,6.85
234,Vestmannaeyjar,IS,2022-11-28 18:30:37,63.4427,-20.2734,34.79,80,0,6.91
235,Cherskiy,RU,2022-11-28 18:30:38,68.75,161.3,0.37,96,100,4.74
236,Kutum,SD,2022-11-28 18:30:38,14.2,24.6667,70.36,24,4,2.24
237,Port Blair,IN,2022-11-28 18:30:39,11.6667,92.75,78.84,94,20,2.3
238,Tahta,EG,2022-11-28 18:30:39,26.7693,31.5021,67.14,31,11,5.79
239,Cabo San Lucas,MX,2022-11-28 18:28:38,22.8909,-109.9124,81.61,53,0,4.0
240,Whitehorse,CA,2022-11-28 18:30:40,60.7161,-135.0538,5.81,77,100,10.36
241,Cuiluan,CN,2022-11-28 18:30:40,47.72,128.648,11.14,95,100,2.91
242,Saint-Georges,GD,2022-11-28 18:30:40,12.0564,-61.7485,83.88,74,20,23.02
243,Yamada,JP,2022-11-28 18:30:41,39.4667,141.95,54.07,91,100,11.59
244,Aboso,GH,2022-11-28 18:30:41,5.3617,-1.9473,75.24,90,91,4.32
245,Thunder Bay,CA,2022-11-28 18:30:42,48.4001,-89.3168,33.78,75,100,18.41
246,Kashan,IR,2022-11-28 18:30:42,33.9831,51.4364,56.19,41,97,0.67
247,Pangnirtung,CA,2022-11-28 18:30:42,66.1451,-65.7125,12.2,62,100,11.5
248,Kloulklubed,PW,2022-11-28 18:30:43,7.0419,134.2556,79.3,79,48,16.89
249,Tessalit,ML,2022-11-28 18:30:43,20.1986,1.0114,76.91,14,100,9.04
250,Felanitx,ES,2022-11-28 18:30:44,39.4696,3.1483,56.95,67,95,26.11
251,Topolobampo,MX,2022-11-28 18:30:44,25.6,-109.05,71.51,33,0,3.44
252,Victoria,HK,2022-11-28 18:29:20,22.2855,114.1577,77.38,93,25,5.99
253,Bondo,CD,2022-11-28 18:30:44,3.8146,23.6866,69.82,95,42,2.44
254,Ndola,ZM,2022-11-28 18:30:45,-12.9587,28.6366,64.54,91,93,5.01
255,Abrau-Dyurso,RU,2022-11-28 18:30:46,44.69,37.59,40.46,78,100,10.51
256,Batote,IN,2022-11-28 18:30:46,33.1227,75.321,47.21,39,0,7.16
257,Shar,KZ,2022-11-28 18:30:47,49.5886,81.0453,-27.9,96,5,3.56
258,Hidalgotitlan,MX,2022-11-28 18:30:47,17.7833,-94.6333,78.82,74,60,5.01
259,Nanfeng,CN,2022-11-28 18:30:48,23.7434,111.7959,72.61,96,19,1.9
260,Lompoc,US,2022-11-28 18:30:48,34.6391,-120.4579,62.78,80,0,1.99
261,Mayor Pablo Lagerenza,PY,2022-11-28 18:30:49,-19.9309,-60.7718,104.63,14,5,9.69
262,Camopi,GF,2022-11-28 18:30:50,3.1655,-52.3158,76.21,94,100,3.02
263,Inirida,CO,2022-11-28 18:30:51,3.8653,-67.9239,79.12,86,98,3.36
264,Dauphin,CA,2022-11-28 18:30:51,51.1494,-100.0502,30.34,74,100,16.11
265,Carnarvon,AU,2022-11-28 18:30:51,-24.8667,113.6333,71.8,78,0,13.73
266,Talnakh,RU,2022-11-28 18:30:52,69.4865,88.3972,6.21,98,100,7.96
267,Rio Grande,BR,2022-11-28 18:30:52,-32.035,-52.0986,82.51,71,0,15.88
268,Sitka,US,2022-11-28 18:28:14,57.0531,-135.33,28.29,74,40,5.75
269,Cantagalo,BR,2022-11-28 18:30:52,-21.9811,-42.3681,75.36,84,58,4.09
270,Hofn,IS,2022-11-28 18:30:53,64.2539,-15.2082,35.62,100,100,3.44
271,Carlsbad,US,2022-11-28 18:30:53,33.1581,-117.3506,63.23,69,100,10.0
272,Puerto Escondido,MX,2022-11-28 18:30:54,15.85,-97.0667,85.03,61,40,6.91
273,Khatanga,RU,2022-11-28 18:30:54,71.9667,102.5,-18.06,100,100,4.76
274,Barrow,US,2022-11-28 18:30:54,71.2906,-156.7887,-18.38,69,0,8.05
275,Tolbazy,RU,2022-11-28 18:31:55,54.0241,55.8825,-0.38,100,70,2.26
276,Berezovyy,RU,2022-11-28 18:31:55,51.6667,135.7,7.48,81,100,2.84
277,Cervo,ES,2022-11-28 18:31:56,43.6702,-7.4101,52.97,78,88,13.18
278,Wiwili,NI,2022-11-28 18:31:56,13.6268,-85.8254,81.52,74,47,4.63
279,Buchanan,LR,2022-11-28 18:31:57,5.8808,-10.0467,78.73,79,13,7.63
280,Marzuq,YE,2022-11-28 18:31:57,14.4,46.4667,64.11,37,1,0.85
281,Bose,IT,2022-11-28 18:31:57,45.4612,8.0137,42.21,87,100,0.27
282,San Vicente,AR,2022-11-28 18:31:58,-26.6167,-54.1333,82.87,37,51,5.55
283,Sinnamary,GF,2022-11-28 18:31:58,5.3833,-52.95,79.5,80,98,7.49
284,Rawson,AR,2022-11-28 18:31:58,-43.3002,-65.1023,91.69,27,40,14.97
285,Lucapa,AO,2022-11-28 18:31:59,-8.4192,20.7447,64.96,92,100,0.74
286,Slave Lake,CA,2022-11-28 18:31:59,55.2834,-114.769,12.18,73,100,10.36
287,Nhulunbuy,AU,2022-11-28 18:31:59,-12.2333,136.7667,79.41,89,100,2.3
288,Nanortalik,GL,2022-11-28 18:32:00,60.1432,-45.2371,35.04,86,100,16.22
289,Oakland,US,2022-11-28 18:28:51,42.6667,-83.3999,42.69,73,100,0.0
290,Mirabad,AF,2022-11-28 18:32:01,30.4362,61.8383,63.27,33,0,8.48
291,Touros,BR,2022-11-28 18:32:02,-5.1989,-35.4608,82.54,65,98,12.28
292,Matagami,CA,2022-11-28 18:32:03,49.7502,-77.6328,23.11,74,0,10.36
293,Cockburn Town,TC,2022-11-28 18:29:56,21.4612,-71.1419,80.2,66,73,9.46
294,Awjilah,LY,2022-11-28 18:32:04,29.1081,21.2869,57.61,69,0,3.6
295,Saint Andrews,US,2022-11-28 18:32:05,34.0454,-81.1293,68.14,54,0,13.8
296,Anadyr,RU,2022-11-28 18:32:05,64.75,177.4833,28.9,79,100,29.08
297,Yerbogachen,RU,2022-11-28 18:32:05,61.2767,108.0108,-12.86,99,100,3.24
298,Raudeberg,NO,2022-11-28 18:32:06,61.9875,5.1352,47.07,66,100,4.94
299,Lavrentiya,RU,2022-11-28 18:32:06,65.5833,-171.0,13.71,96,35,3.18
300,Santa Fe,AR,2022-11-28 18:32:07,-31.6333,-60.7,97.29,20,3,8.01
301,Constitucion,CL,2022-11-28 18:32:07,-35.3333,-72.4167,65.88,68,9,6.82
302,Buala,SB,2022-11-28 18:32:07,-8.145,159.5921,78.26,86,100,3.98
303,Yumen,CN,2022-11-28 18:32:08,40.2833,97.2,1.81,42,100,18.25
304,Antalaha,MG,2022-11-28 18:32:09,-14.9003,50.2788,71.65,87,88,4.5
305,Isangel,VU,2022-11-28 18:32:10,-19.55,169.2667,77.11,88,11,5.75
306,Illapel,CL,2022-11-28 18:32:10,-31.6308,-71.1653,78.51,50,0,9.42
307,Aykhal,RU,2022-11-28 18:32:10,66.0,111.5,-25.1,100,96,5.14
308,Saint-Jerome,CA,2022-11-28 18:28:56,45.7804,-74.0036,40.23,64,75,12.66
309,Vanimo,PG,2022-11-28 18:32:11,-2.6741,141.3028,77.05,88,100,3.6
310,Esperance,AU,2022-11-28 18:32:12,-33.8667,121.9,53.44,84,0,10.02
311,Zhigansk,RU,2022-11-28 18:32:13,66.7697,123.3711,-34.29,100,96,2.77
312,Togul,RU,2022-11-28 18:32:13,53.465,85.9128,-9.31,94,100,1.59
313,Sao Filipe,CV,2022-11-28 18:32:14,14.8961,-24.4956,76.93,63,28,10.27
314,Flagstaff,US,2022-11-28 18:32:14,35.1981,-111.6513,44.26,38,51,4.0
315,Antofagasta,CL,2022-11-28 18:30:53,-23.65,-70.4,65.48,70,35,8.25
316,Matiri,TZ,2022-11-28 18:32:15,-10.75,34.9,68.61,47,6,2.01
317,Bonfim,BR,2022-11-28 18:32:15,3.0833,-59.95,85.86,62,93,3.22
318,Floriano,BR,2022-11-28 18:29:05,-6.7669,-43.0225,79.29,81,90,4.94
319,Natal,BR,2022-11-28 18:32:16,-5.795,-35.2094,86.65,65,40,18.41
320,Caloundra,AU,2022-11-28 18:32:17,-26.8,153.1333,73.89,94,100,10.2
321,Dawei,MM,2022-11-28 18:33:17,14.0833,98.2,75.18,93,43,2.68
322,Mayo,US,2022-11-28 18:33:18,38.8876,-76.5119,55.36,56,100,11.5
323,Marfino,RU,2022-11-28 18:33:18,55.7028,37.3822,24.17,85,100,13.42
324,Mizdah,LY,2022-11-28 18:33:19,31.4451,12.9801,60.31,65,98,4.97
325,Murgab,TM,2022-11-28 18:33:19,37.4966,61.9714,51.67,71,40,4.61
326,Bollnas,SE,2022-11-28 18:33:20,61.3482,16.3946,35.37,99,100,3.02
327,Abu Zabad,SD,2022-11-28 18:33:20,12.35,29.25,82.47,29,40,7.99
328,Tahoua,NE,2022-11-28 18:33:21,14.8888,5.2692,76.73,15,98,9.82
329,Bathsheba,BB,2022-11-28 18:33:21,13.2167,-59.5167,84.81,65,40,19.57
330,Qandala,SO,2022-11-28 18:33:21,11.472,49.8728,77.58,70,22,5.95
331,Sakakah,SA,2022-11-28 18:28:37,29.9697,40.2064,65.77,50,97,9.19
332,Minsk,BY,2022-11-28 18:33:22,53.9,27.5667,28.15,98,100,5.23
333,Monze,ZM,2022-11-28 18:33:23,-16.2833,27.4833,66.96,87,49,4.9
334,Bahia Blanca,AR,2022-11-28 18:33:23,-38.7196,-62.2724,95.29,37,100,1.99
335,Newport,GB,2022-11-28 18:28:58,51.5877,-2.9984,48.69,82,72,6.53
336,Wasseiges,BE,2022-11-28 18:33:24,50.6237,5.0062,47.05,92,100,5.93
337,Vila Velha,BR,2022-11-28 18:33:24,-20.3297,-40.2925,76.95,93,75,6.91
338,Saltillo,MX,2022-11-28 18:30:45,25.4167,-101.0,77.29,23,0,5.75
339,Winslow,US,2022-11-28 18:33:25,35.0242,-110.6974,51.98,25,0,6.91
340,Baykit,RU,2022-11-28 18:33:26,61.67,96.37,-6.75,97,100,4.41
341,Annau,TM,2022-11-28 18:33:26,37.8876,58.516,51.3,76,100,2.3
342,Samarai,PG,2022-11-28 18:33:27,-10.6167,150.6667,81.55,80,100,1.34
343,Progreso,MX,2022-11-28 18:31:42,21.2833,-89.6667,86.11,61,25,10.69
344,Kiama,AU,2022-11-28 18:33:27,-34.6833,150.8667,61.0,84,0,3.0
345,Trinidad,BO,2022-11-28 18:33:28,-14.8333,-64.9,96.78,46,4,4.61
346,Pacifica,US,2022-11-28 18:33:28,37.6138,-122.4869,60.71,82,75,19.57
347,Oktyabrskiy,RU,2022-11-28 18:33:28,54.4815,53.471,-1.88,100,92,3.13
348,Rathcoole,IE,2022-11-28 18:33:29,53.2828,-6.4728,45.72,91,40,9.22
349,Homer,US,2022-11-28 18:31:11,59.6425,-151.5483,24.67,59,0,14.0
350,Bundaberg,AU,2022-11-28 18:33:29,-24.85,152.35,75.22,99,100,7.74
351,Najran,SA,2022-11-28 18:33:29,17.4924,44.1277,63.25,39,0,1.43
352,Atambua,ID,2022-11-28 18:33:30,-9.1061,124.8925,74.84,86,100,0.4
353,Razole,IN,2022-11-28 18:33:30,16.4833,81.8333,70.39,80,25,2.8
354,Kidal,ML,2022-11-28 18:33:30,18.4411,1.4078,76.64,18,100,7.99
355,Saint-Francois,FR,2022-11-28 18:32:54,46.4154,3.9054,44.04,100,100,4.61
356,Hammerfest,NO,2022-11-28 18:33:31,70.6634,23.6821,30.65,80,0,0.0
357,Kupang,ID,2022-11-28 18:33:31,-10.1667,123.5833,77.68,88,100,3.13
358,Meiganga,CM,2022-11-28 18:33:32,6.5167,14.3,71.08,37,11,3.87
359,Seguin,US,2022-11-28 18:30:22,29.5688,-97.9647,73.29,59,0,3.44
360,Innisfail,AU,2022-11-28 18:30:08,-17.5333,146.0333,75.4,85,100,2.37
361,Afua,BR,2022-11-28 18:33:33,-0.1567,-50.3867,89.74,50,97,7.99
362,Bolshaya Glushitsa,RU,2022-11-28 18:33:33,50.2406,43.5908,26.26,55,20,10.16
363,Alice Springs,AU,2022-11-28 18:31:35,-23.7,133.8833,58.55,77,0,0.0
364,Mao,ES,2022-11-28 18:33:34,39.8885,4.2658,54.16,94,75,24.16
365,Gaffney,US,2022-11-28 18:31:02,35.0718,-81.6498,64.62,44,15,4.74
366,Lagoa,PT,2022-11-28 18:34:34,39.05,-27.9833,66.61,82,64,28.95
367,Manokwari,ID,2022-11-28 18:34:35,-0.8667,134.0833,78.44,81,100,5.5
368,Mari-Turek,RU,2022-11-28 18:33:18,56.7895,49.6235,0.88,100,99,3.09
369,Turukhansk,RU,2022-11-28 18:34:36,65.8167,87.9833,-3.82,98,100,7.05
370,Zhaodong,CN,2022-11-28 18:34:36,46.0833,125.9833,13.5,91,100,11.23
371,Tralee,IE,2022-11-28 18:34:37,52.2704,-9.7026,48.45,87,100,3.44
372,Kieta,PG,2022-11-28 18:34:37,-6.2167,155.6333,79.18,87,100,6.22
373,Omsukchan,RU,2022-11-28 18:34:37,62.5333,155.8,-4.14,99,100,7.4
374,Lorengau,PG,2022-11-28 18:34:38,-2.0226,147.2712,81.79,71,56,5.66
375,Kavaratti,IN,2022-11-28 18:34:38,10.5669,72.642,81.16,68,79,1.66
376,Kahului,US,2022-11-28 18:34:39,20.8947,-156.47,76.84,90,100,7.0
377,Alekseyevsk,RU,2022-11-28 18:34:39,57.8406,108.3492,-8.81,95,100,9.66
378,Do Gonbadan,IR,2022-11-28 18:34:40,30.3586,50.7981,57.29,58,75,0.0
379,Tupik,RU,2022-11-28 18:34:40,54.4253,119.9327,-26.54,99,95,2.95
380,Tezu,IN,2022-11-28 18:34:40,27.9167,96.1667,63.25,39,3,4.85
381,Villa Del Rosario,CO,2022-11-28 18:34:41,7.8339,-72.4742,82.78,70,40,11.5
382,Katsuura,JP,2022-11-28 18:34:41,35.1333,140.3,66.51,64,100,20.74
383,Orocue,CO,2022-11-28 18:34:42,4.7912,-71.3354,82.15,75,83,7.92
384,Gaomi,CN,2022-11-28 18:34:43,36.3833,119.7528,44.19,68,100,19.77
385,Salalah,OM,2022-11-28 18:34:43,17.0151,54.0924,77.09,73,0,3.44
386,Wakkanai,JP,2022-11-28 18:34:43,45.4094,141.6739,37.29,93,100,21.83
387,Plettenberg Bay,ZA,2022-11-28 18:34:44,-34.0527,23.3716,66.61,83,60,12.88
388,Henties Bay,NA,2022-11-28 18:34:44,-22.116,14.2845,60.96,78,1,5.48
389,Makakilo City,US,2022-11-28 18:34:44,21.3469,-158.0858,73.72,77,100,6.91
390,Broome,US,2022-11-28 18:34:45,42.2506,-75.833,40.86,90,100,12.66
391,Fairbanks,US,2022-11-28 18:30:00,64.8378,-147.7164,-2.24,71,20,4.61
392,Itapecerica,BR,2022-11-28 18:33:51,-20.4725,-45.1256,69.44,83,100,9.78
393,Bongandanga,CD,2022-11-28 18:34:46,1.5,21.05,69.96,98,97,1.7
394,Djambala,CG,2022-11-28 18:34:46,-2.5447,14.7533,68.22,91,100,1.57
395,Lages,BR,2022-11-28 18:34:46,-27.8161,-50.3261,66.07,88,78,6.46
396,San Carlos De Bariloche,AR,2022-11-28 18:34:46,-41.1456,-71.3082,78.55,11,0,28.77
397,Tyumentsevo,RU,2022-11-28 18:34:47,53.3224,81.498,-10.84,91,22,2.28
398,Tevriz,RU,2022-11-28 18:34:47,57.509,72.4042,-9.53,92,59,4.12
399,Hambantota,LK,2022-11-28 18:34:48,6.1241,81.1185,79.14,100,40,1.14
400,Palana,RU,2022-11-28 18:34:48,59.1167,159.9667,19.71,90,100,7.29
401,Arlit,NE,2022-11-28 18:34:49,18.7369,7.3853,73.89,19,100,9.1
402,Alofi,NU,2022-11-28 18:34:49,-19.0595,-169.9187,76.89,78,40,10.36
403,Saint George,US,2022-11-28 18:30:07,37.1041,-113.5841,37.99,52,0,4.61
404,Ust-Tsilma,RU,2022-11-28 18:34:49,65.441,52.1498,17.31,96,100,4.61
405,Taywarah,AF,2022-11-28 18:34:50,33.35,64.4167,36.07,41,0,1.01
406,Aksarka,RU,2022-11-28 18:33:21,66.5606,67.7975,13.84,94,100,6.15
407,Ust-Nera,RU,2022-11-28 18:32:21,64.5667,143.2,-12.77,98,100,4.03
408,Aquiraz,BR,2022-11-28 18:34:50,-3.9014,-38.3911,86.09,62,76,11.56
409,Agadez,NE,2022-11-28 18:34:51,19.75,10.25,63.88,24,100,8.93
410,Tura,IN,2022-11-28 18:35:51,25.5198,90.2201,60.98,75,0,3.71
411,Sangar,RU,2022-11-28 18:35:52,63.9242,127.4739,-40.97,100,98,1.97
412,Killybegs,IE,2022-11-28 18:35:52,54.6333,-8.45,46.11,87,71,9.06
413,Erenhot,CN,2022-11-28 18:35:52,43.6475,111.9767,-3.82,49,60,23.96
414,Hongjiang,CN,2022-11-28 18:35:53,27.11,109.9956,58.08,94,100,7.36
415,Neiafu,TO,2022-11-28 18:35:53,-18.65,-173.9833,79.48,78,20,6.91
416,Husavik,IS,2022-11-28 18:35:54,66.0449,-17.3389,29.52,64,11,13.56
417,Kudat,MY,2022-11-28 18:35:54,6.8837,116.8477,77.29,100,20,0.0
418,Karasjok,NO,2022-11-28 18:35:54,69.4719,25.5112,32.81,91,100,16.37
419,Aklavik,CA,2022-11-28 18:35:55,68.2191,-135.0107,-22.52,92,78,4.34
420,Wanning,CN,2022-11-28 18:35:55,18.8003,110.3967,77.43,92,14,7.72
421,Bodden Town,KY,2022-11-28 18:35:55,19.2833,-81.25,87.8,63,20,11.5
422,Kalmunai,LK,2022-11-28 18:35:56,7.4167,81.8167,77.43,79,100,6.04
423,Kaohsiung,TW,2022-11-28 18:35:56,22.6163,120.3133,77.04,90,20,5.75
424,Berlevag,NO,2022-11-28 18:35:56,70.8578,29.0864,30.15,80,0,3.44
425,Chlorakas,CY,2022-11-28 18:35:57,34.8042,32.4083,63.48,59,20,5.75
426,Katherine,AU,2022-11-28 18:35:58,-14.4667,132.2667,75.52,94,100,4.61
427,Half Moon Bay,US,2022-11-28 18:35:58,37.4636,-122.4286,61.11,78,100,19.57
428,Virginia Beach,US,2022-11-28 18:35:58,36.8529,-75.978,66.02,59,40,16.11
429,Shelburne,CA,2022-11-28 18:35:59,44.0787,-80.2041,31.12,79,94,8.21
430,Verkh-Chebula,RU,2022-11-28 18:35:59,56.0308,87.6218,-4.43,82,100,9.53
431,Loudi,CN,2022-11-28 18:35:59,27.7344,111.9944,51.75,81,100,12.39
432,Kaufungen,DE,2022-11-28 18:36:00,51.2811,9.6186,44.35,79,100,3.56
433,Petropavlovsk-Kamchatskiy,RU,2022-11-28 18:36:00,53.0452,158.6483,30.79,51,20,13.42
434,Dudinka,RU,2022-11-28 18:36:00,69.4058,86.1778,6.62,97,93,8.12
435,Ambilobe,MG,2022-11-28 18:36:00,-13.2,49.05,76.59,75,79,2.66
436,Saryg-Sep,RU,2022-11-28 18:36:01,51.5,95.6,-17.9,97,100,1.72
437,Kholodnyy,RU,2022-11-28 18:36:01,62.7167,147.95,-10.8,96,100,5.32
438,San Lazaro,BZ,2022-11-28 18:36:02,18.0387,-88.6622,82.8,79,51,8.34
439,Goya,AR,2022-11-28 18:36:02,-29.14,-59.2626,100.92,18,0,9.53
440,Cap Malheureux,MU,2022-11-28 18:31:08,-19.9842,57.6142,74.46,76,100,8.21
441,Ahipara,NZ,2022-11-28 18:36:03,-35.1667,173.1667,58.24,76,100,5.79
442,Brownwood,US,2022-11-28 18:34:28,31.7093,-98.9912,66.96,51,9,16.04
443,Srednekolymsk,RU,2022-11-28 18:36:03,67.45,153.6833,-15.45,99,100,7.14
444,Tazovskiy,RU,2022-11-28 18:36:04,67.4667,78.7,8.2,95,100,7.4
445,Kaa-Khem,RU,2022-11-28 18:36:04,51.6833,94.7333,-13.81,91,100,1.66
446,Ridgecrest,US,2022-11-28 18:36:05,35.6225,-117.6709,61.65,25,75,15.99
447,Cumana,VE,2022-11-28 18:36:05,10.4635,-64.1775,79.97,82,99,16.4
448,Changqing,CN,2022-11-28 18:36:05,36.5575,116.7272,35.78,29,98,17.9
449,Labuhan,ID,2022-11-28 18:36:05,-6.8844,112.2051,77.9,87,100,8.93
450,Abu Samrah,SY,2022-11-28 18:36:06,35.3029,37.1841,56.84,66,100,14.0
451,Nalut,LY,2022-11-28 18:36:06,30.3333,10.85,62.11,55,100,4.9
452,Okha,RU,2022-11-28 18:36:07,53.5739,142.9478,12.2,83,61,17.11
453,Burnie,AU,2022-11-28 18:36:07,-41.0667,145.9167,46.94,72,98,11.59
454,Banda Aceh,ID,2022-11-28 18:36:07,5.5577,95.3222,78.58,85,42,8.16
455,Yatou,CN,2022-11-28 18:36:08,37.15,122.3833,44.15,65,100,28.14
456,Te Anau,NZ,2022-11-28 18:36:08,-45.4167,167.7167,50.94,93,98,2.01
457,Douentza,ML,2022-11-28 18:36:08,14.9951,-2.9517,79.0,12,100,2.95
458,Asyut,EG,2022-11-28 18:37:09,27.181,31.1837,65.89,34,99,3.15
459,Naze,JP,2022-11-28 18:37:09,28.3667,129.4833,72.52,90,100,11.68
460,Poum,NC,2022-11-28 18:37:10,-20.2333,164.0167,81.18,79,27,17.9
461,Tukums,LV,2022-11-28 18:37:10,56.9669,23.1553,29.55,93,100,6.87
462,Berdigestyakh,RU,2022-11-28 18:37:10,62.0989,126.6992,-37.95,100,88,3.06
463,Dingle,PH,2022-11-28 18:37:11,10.9995,122.6711,75.78,94,99,7.11
464,Chanute,US,2022-11-28 18:37:11,37.6792,-95.4572,53.71,50,0,13.8
465,Troyes,FR,2022-11-28 18:37:12,48.3333,4.0833,44.65,93,75,3.44
466,Osmena,PH,2022-11-28 18:37:12,10.5208,119.9258,82.53,81,100,17.02
467,Namibe,AO,2022-11-28 18:37:12,-15.1961,12.1522,70.54,85,98,8.3
468,Margate,GB,2022-11-28 18:33:40,51.3813,1.3862,47.7,91,52,4.07
469,Xuddur,SO,2022-11-28 18:37:13,4.1213,43.8894,76.51,58,55,8.39
470,Portland,US,2022-11-28 18:36:45,45.5234,-122.6762,43.81,93,75,7.0
471,Sobolevo,RU,2022-11-28 18:37:13,54.4299,31.8996,29.41,97,100,9.78
472,Roald,NO,2022-11-28 18:37:14,62.5833,6.1333,49.33,61,75,2.3
473,Beidao,CN,2022-11-28 18:37:14,34.5686,105.8933,32.47,38,54,4.41
474,Pacific Grove,US,2022-11-28 18:37:15,36.6177,-121.9166,57.42,85,75,6.91
475,Flin Flon,CA,2022-11-28 18:37:15,54.7682,-101.865,21.04,86,100,9.22
476,Leh,IN,2022-11-28 18:37:15,34.1667,77.5833,14.5,48,0,1.92
477,Safford,US,2022-11-28 18:37:00,32.834,-109.7076,59.11,22,0,0.0
478,Codrington,AU,2022-11-28 18:37:16,-38.2667,141.9667,49.39,91,79,7.58
479,Port Hawkesbury,CA,2022-11-28 18:37:17,45.6169,-61.3485,52.18,97,100,19.57
480,Port Macquarie,AU,2022-11-28 18:36:13,-31.4333,152.9167,63.9,92,12,5.97
481,Toguchin,RU,2022-11-28 18:33:19,55.2353,84.3858,-12.48,95,100,4.47
482,Bonga,ET,2022-11-28 18:37:17,7.2833,36.2333,58.41,96,19,1.48
483,Ballina,AU,2022-11-28 18:37:18,-28.8667,153.5667,69.01,98,100,6.33
484,Grand Gaube,MU,2022-11-28 18:37:18,-20.0064,57.6608,75.6,76,100,7.76
485,Rocha,UY,2022-11-28 18:37:19,-34.4833,-54.3333,80.89,50,10,15.77
486,Jutai,BR,2022-11-28 18:37:19,-5.1833,-68.9,86.72,66,100,0.56
487,Awbari,LY,2022-11-28 18:37:20,26.5921,12.7805,62.51,57,100,8.7
488,Chistogorskiy,RU,2022-11-28 18:37:20,53.9835,87.3843,-4.54,90,99,1.57
489,Isla Vista,US,2022-11-28 18:37:21,34.4133,-119.861,68.31,70,75,6.91
490,Castanheira De Pera,PT,2022-11-28 18:37:21,40.0072,-8.2105,45.23,94,12,4.27
491,Bulnes,CL,2022-11-28 18:37:21,-36.7423,-72.2985,91.74,23,0,13.96
492,Komsomolskiy,UZ,2022-11-28 18:37:22,40.4272,71.7189,45.32,70,79,9.22
493,Altay,CN,2022-11-28 18:37:22,47.8667,88.1167,-8.93,51,0,7.36
494,Ayan,RU,2022-11-28 18:37:22,56.45,138.1667,-5.37,92,11,17.38
495,Quatre Cocos,MU,2022-11-28 18:37:23,-20.2078,57.7625,75.31,73,100,5.01
496,Stolin,BY,2022-11-28 18:37:23,51.8912,26.846,23.61,97,100,5.44
497,Ambon,ID,2022-11-28 18:37:24,-3.6954,128.1814,78.24,15,20,6.91
498,Drumheller,CA,2022-11-28 18:37:24,51.4617,-112.7101,15.13,67,100,17.27
499,Atlantic City,US,2022-11-28 18:35:53,39.3643,-74.4229,55.04,53,75,19.57
500,Nantucket,US,2022-11-28 18:37:24,41.2835,-70.0995,57.31,69,75,17.27
501,Cabedelo,BR,2022-11-28 18:37:25,-6.9811,-34.8339,83.07,67,15,11.81
502,Mendi,PG,2022-11-28 18:37:25,-6.1761,143.6513,53.47,97,100,2.91
503,Tchollire,CM,2022-11-28 18:37:26,8.4022,14.1698,76.91,25,51,1.19
504,Bethel Park,US,2022-11-28 18:37:26,40.3276,-80.0395,44.06,82,100,5.99
505,Sankt Veit,DE,2022-11-28 18:38:26,49.1,10.95,39.58,81,100,3.69
506,Grand-Santi,GF,2022-11-28 18:38:27,4.25,-54.3833,87.03,55,94,6.24
507,San Policarpo,PH,2022-11-28 18:38:27,12.1791,125.5072,81.09,83,58,12.1
508,Saint-Pierre,RE,2022-11-28 18:38:28,-21.3393,55.4781,76.68,69,0,3.44
509,Kudahuvadhoo,MV,2022-11-28 18:38:28,2.6708,72.8944,80.55,69,99,6.4
510,Oyama,JP,2022-11-28 18:38:28,36.3,139.8,58.59,61,100,0.54
511,Katangli,RU,2022-11-28 18:38:29,51.7102,143.2326,0.72,100,75,5.03
512,Khasan,RU,2022-11-28 18:38:29,42.4308,130.6434,36.3,87,100,4.61
513,Beringovskiy,RU,2022-11-28 18:36:26,63.05,179.3167,28.85,96,100,28.32
514,Nagato,JP,2022-11-28 18:38:30,34.3833,131.2,66.31,88,100,26.17
515,Krasnyye Tkachi,RU,2022-11-28 18:38:30,57.4926,39.7563,19.22,97,100,3.98
516,Kashi,CN,2022-11-28 18:38:31,39.4547,75.9797,27.61,50,100,11.18
517,Diego De Almagro,CL,2022-11-28 18:38:31,-26.3667,-70.05,80.38,33,0,15.01
518,Metro,ID,2022-11-28 18:38:31,-5.1131,105.3067,74.8,90,100,4.68
519,Hakui,JP,2022-11-28 18:38:31,36.8833,136.7833,63.25,80,100,5.53
520,Presidencia Roque Saenz Pena,AR,2022-11-28 18:38:32,-26.7852,-60.4388,103.3,15,0,9.46
521,Kamoke,PK,2022-11-28 18:38:32,31.9744,74.2244,61.84,35,0,3.15
522,Muswellbrook,AU,2022-11-28 18:38:33,-32.2667,150.9,59.32,92,77,3.0
523,Kinsale,IE,2022-11-28 18:38:33,51.7075,-8.5306,47.57,87,20,1.14
524,Cacule,BR,2022-11-28 18:38:33,-14.5033,-42.2222,78.06,76,100,5.12
525,Manggar,ID,2022-11-28 18:38:34,-2.8833,108.2667,78.19,84,100,4.23
526,Dubovskoye,RU,2022-11-28 18:38:34,47.4092,42.7575,29.89,45,14,12.64
527,Bandarbeyla,SO,2022-11-28 18:38:35,9.4942,50.8122,78.17,70,98,18.75
528,Rockland,US,2022-11-28 18:38:35,41.1668,-74.0496,51.71,65,96,8.01
529,Cozumel,MX,2022-11-28 18:38:35,20.5083,-86.9458,87.87,66,75,11.5
530,Dina,CA,2022-11-28 18:38:36,52.9335,-110.0849,10.81,91,100,20.74
531,Dengfeng,CN,2022-11-28 18:38:36,34.4553,113.0281,41.67,24,100,7.23
532,Port Loko,SL,2022-11-28 18:38:36,8.7667,-12.7833,82.08,64,94,4.65
533,Tabory,RU,2022-11-28 18:38:37,58.5198,64.5495,1.49,87,5,5.46
534,Duki,PK,2022-11-28 18:38:37,30.1541,68.5728,56.59,20,0,2.91
535,Selty,RU,2022-11-28 18:38:37,57.3132,52.1345,1.81,99,100,2.37
536,Seoul,KR,2022-11-28 18:38:38,37.5683,126.9778,58.6,94,100,17.27
537,Lamu,KE,2022-11-28 18:38:38,-2.2717,40.902,80.82,79,42,10.63
538,Edd,ER,2022-11-28 18:38:38,13.9297,41.6925,84.49,42,20,19.64
539,Dekar,BW,2022-11-28 18:38:39,-21.5333,21.9333,82.22,30,95,9.53
540,Mehamn,NO,2022-11-28 18:38:39,71.0357,27.8492,30.11,80,0,8.05
541,Miraflores,MX,2022-11-28 18:38:39,19.2167,-98.8083,70.56,47,88,2.3
542,Athni,IN,2022-11-28 18:38:40,16.7333,75.0667,75.63,56,19,2.06
543,Lufkin,US,2022-11-28 18:38:40,31.3382,-94.7291,67.6,57,0,5.75
544,Ayagoz,KZ,2022-11-28 18:34:42,47.9714,80.4392,-10.48,72,1,14.72
545,Liku,ID,2022-11-28 18:38:41,-0.7275,119.8922,74.52,91,94,1.97
546,Los Lunas,US,2022-11-28 18:38:41,34.8062,-106.7334,48.87,23,100,8.48
547,Okhotsk,RU,2022-11-28 18:38:41,59.3833,143.3,-2.33,83,99,17.31
548,Hamina,FI,2022-11-28 18:38:42,60.5697,27.1979,25.88,84,100,11.05
549,Yarmouth,US,2022-11-28 18:36:50,41.7057,-70.2286,54.14,66,100,18.01
550,Roebourne,AU,2022-11-28 18:37:24,-20.7833,117.1333,79.25,64,6,15.77
551,Tucurui,BR,2022-11-28 18:38:42,-3.7661,-49.6725,89.62,47,100,5.41
552,Vagur,FO,2022-11-28 18:39:43,61.4732,-6.8119,47.61,87,10,10.18
553,Egvekinot,RU,2022-11-28 18:35:18,66.3167,-179.1667,6.55,88,68,4.54
554,Staryy Krym,UA,2022-11-28 18:39:43,45.0333,35.1,44.04,82,100,9.01
555,Urumqi,CN,2022-11-28 18:39:44,43.801,87.6005,-8.45,84,0,2.24
556,Krasnyy Chikoy,RU,2022-11-28 18:39:44,50.3643,108.7512,-9.51,92,100,7.4
557,Chara,RU,2022-11-28 18:39:44,56.9064,118.2631,-21.26,84,100,1.66
558,Grindavik,IS,2022-11-28 18:39:45,63.8424,-22.4338,35.55,86,75,13.8
559,Culpeper,US,2022-11-28 18:39:45,38.5004,-77.9664,56.75,53,75,10.36
560,Teguise,ES,2022-11-28 18:39:45,29.0605,-13.564,66.42,78,20,18.41
561,Thanh Hoa,VN,2022-11-28 18:39:46,19.8,105.7667,75.61,93,7,3.33
